{"cameraMode":{"drawMode":0,"name":"Shaded","section":"Shading Mode"},"sceneLighting":true,"audioPlay":false,"sceneViewState":{"m_AlwaysRefresh":false,"showFog":true,"showSkybox":true,"showFlares":true,"showImageEffects":true,"showParticleSystems":true,"showVisualEffectGraphs":true,"m_FxEnabled":true},"in2DMode":false,"pivot":{"x":0.38711556792259219,"y":-3.2132906913757326,"z":67.35257720947266},"rotation":{"x":0.027305353432893754,"y":0.011987767182290554,"z":-0.00014977689716033638,"w":0.9994282722473145},"size":36.89356231689453,"orthographic":false}