{"cameraMode":{"drawMode":0,"name":"Shaded","section":"Shading Mode"},"sceneLighting":true,"audioPlay":false,"sceneViewState":{"m_AlwaysRefresh":false,"showFog":true,"showSkybox":true,"showFlares":true,"showImageEffects":true,"showParticleSystems":true,"showVisualEffectGraphs":true,"m_FxEnabled":true},"in2DMode":false,"pivot":{"x":-6.179506301879883,"y":4.953728675842285,"z":-3.3180909156799318},"rotation":{"x":0.16203410923480988,"y":0.17102493345737458,"z":-0.028589533641934396,"w":0.9712812304496765},"size":0.8660253882408142,"orthographic":false}