{"cameraMode":{"drawMode":0,"name":"Shaded","section":"Shading Mode"},"sceneLighting":true,"audioPlay":false,"sceneViewState":{"m_AlwaysRefresh":false,"showFog":true,"showSkybox":true,"showFlares":true,"showImageEffects":true,"showParticleSystems":true,"showVisualEffectGraphs":true,"m_FxEnabled":true},"in2DMode":false,"pivot":{"x":-1.679383635520935,"y":10.927120208740235,"z":-7.590854167938232},"rotation":{"x":0.08117733895778656,"y":0.02003495581448078,"z":-0.0014838941860944033,"w":0.9961236715316773},"size":10.08491325378418,"orthographic":false}