{"cameraMode":{"drawMode":0,"name":"Shaded","section":"Shading Mode"},"sceneLighting":true,"audioPlay":false,"sceneViewState":{"m_AlwaysRefresh":false,"showFog":true,"showSkybox":true,"showFlares":true,"showImageEffects":true,"showParticleSystems":true,"showVisualEffectGraphs":true,"m_FxEnabled":true},"in2DMode":false,"pivot":{"x":-0.18601278960704804,"y":3.311692714691162,"z":-3.624558210372925},"rotation":{"x":0.11656370013952255,"y":-0.08895546942949295,"z":0.010409796610474587,"w":0.9889953136444092},"size":0.8660253882408142,"orthographic":false}