{"cameraMode":{"drawMode":0,"name":"Shaded","section":"Shading Mode"},"sceneLighting":true,"audioPlay":false,"sceneViewState":{"m_AlwaysRefresh":false,"showFog":true,"showSkybox":true,"showFlares":true,"showImageEffects":true,"showParticleSystems":true,"showVisualEffectGraphs":true,"m_FxEnabled":true},"in2DMode":false,"pivot":{"x":4.325745105743408,"y":4.363363742828369,"z":-0.7810587882995606},"rotation":{"x":-0.016076702624559404,"y":-0.6567385792732239,"z":0.013974446803331375,"w":-0.7533286809921265},"size":6.026110649108887,"orthographic":false}