{"cameraMode":{"drawMode":0,"name":"Shaded","section":"Shading Mode"},"sceneLighting":true,"audioPlay":false,"sceneViewState":{"m_AlwaysRefresh":false,"showFog":true,"showSkybox":true,"showFlares":true,"showImageEffects":true,"showParticleSystems":true,"showVisualEffectGraphs":true,"m_FxEnabled":true},"in2DMode":false,"pivot":{"x":-17.89191246032715,"y":1.5889954566955567,"z":-9.59838581085205},"rotation":{"x":-0.015370741486549378,"y":0.9366336464881897,"z":-0.040994543582201007,"w":-0.34644395112991335},"size":0.9349685907363892,"orthographic":false}