{"cameraMode":{"drawMode":0,"name":"Shaded","section":"Shading Mode"},"sceneLighting":true,"audioPlay":false,"sceneViewState":{"m_AlwaysRefresh":false,"showFog":true,"showSkybox":true,"showFlares":true,"showImageEffects":true,"showParticleSystems":true,"showVisualEffectGraphs":true,"m_FxEnabled":true},"in2DMode":false,"pivot":{"x":-5.028148651123047,"y":4.861246585845947,"z":-11.79830265045166},"rotation":{"x":-0.07597720623016358,"y":-0.13412022590637208,"z":0.010542141273617745,"w":-0.9875829815864563},"size":1.2324711084365845,"orthographic":false}